,tweet,label,tweet_clean,tokens,stopwords,tweet_tokens_stopwords_stemmed,detokenize
0,Saya malah baru tahu alasan kenaikan harga BBM adalah perang. Dampak Perang Rusia-Ukraina jelas terjadi saat Pemerintah menaikkan anggaran subsidi energi dari Rp 152 T menjadi Rp 502 T. Lalu penambahan kuota dan pelemahan Rupiah berpotensi meningatkan beban subsidi sd Rp 700 T.,0,saya malah baru tahu alasan kenaikan harga bbm adalah perang dampak perang rusia ukraina jelas terjadi saat pemerintah menaikkan anggaran subsidi energi dari rp  t menjadi rp  t lalu penambahan kuota dan pelemahan rupiah berpotensi meningatkan beban subsidi sd rp  t ,"['saya', 'malah', 'baru', 'tahu', 'alasan', 'kenaikan', 'harga', 'bbm', 'adalah', 'perang', 'dampak', 'perang', 'rusia', 'ukraina', 'jelas', 'terjadi', 'saat', 'pemerintah', 'menaikkan', 'anggaran', 'subsidi', 'energi', 'dari', 'rp', 't', 'menjadi', 'rp', 't', 'lalu', 'penambahan', 'kuota', 'dan', 'pelemahan', 'rupiah', 'berpotensi', 'meningatkan', 'beban', 'subsidi', 'sd', 'rp', 't']","['alasan', 'kenaikan', 'harga', 'bbm', 'perang', 'dampak', 'perang', 'rusia', 'ukraina', 'pemerintah', 'menaikkan', 'anggaran', 'subsidi', 'energi', 'rp', 't', 'rp', 't', 'penambahan', 'kuota', 'pelemahan', 'rupiah', 'berpotensi', 'meningatkan', 'beban', 'subsidi', 'sd', 'rp', 't']","['alas', 'naik', 'harga', 'bbm', 'perang', 'dampak', 'perang', 'rusia', 'ukraina', 'perintah', 'naik', 'anggar', 'subsidi', 'energi', 'rp', 't', 'rp', 't', 'tambah', 'kuota', 'lemah', 'rupiah', 'potensi', 'meningatkan', 'beban', 'subsidi', 'sd', 'rp', 't']",alas naik harga bbm perang dampak perang rusia ukraina perintah naik anggar subsidi energi rp t rp t tambah kuota lemah rupiah potensi meningatkan beban subsidi sd rp t
1,"Berdalih subisidi yang salah sasaran, pemerintah resmi menaikkan harga BBM pada 3 September 2022. Hingga kini, hal ini masih dapat berbagai penolakan. 

Inilah kumpulan dokumentasi aksi penolakan kenaikan harga BBM di 8 kota di Indonesia.

https://t.co/21FpoTYuQ6 https://t.co/vvzGBpQGUN",0,berdalih subisidi yang salah sasaran pemerintah resmi menaikkan harga bbm pada  september  hingga kini hal ini masih dapat berbagai penolakan inilah kumpulan dokumentasi aksi penolakan kenaikan harga bbm di  kota di indonesia ,"['berdalih', 'subisidi', 'yang', 'salah', 'sasaran', 'pemerintah', 'resmi', 'menaikkan', 'harga', 'bbm', 'pada', 'september', 'hingga', 'kini', 'hal', 'ini', 'masih', 'dapat', 'berbagai', 'penolakan', 'inilah', 'kumpulan', 'dokumentasi', 'aksi', 'penolakan', 'kenaikan', 'harga', 'bbm', 'di', 'kota', 'di', 'indonesia']","['berdalih', 'subisidi', 'salah', 'sasaran', 'pemerintah', 'resmi', 'menaikkan', 'harga', 'bbm', 'september', 'penolakan', 'kumpulan', 'dokumentasi', 'aksi', 'penolakan', 'kenaikan', 'harga', 'bbm', 'kota', 'indonesia']","['dalih', 'subisidi', 'salah', 'sasar', 'perintah', 'resmi', 'naik', 'harga', 'bbm', 'september', 'tolak', 'kumpul', 'dokumentasi', 'aksi', 'tolak', 'naik', 'harga', 'bbm', 'kota', 'indonesia']",dalih subisidi salah sasar perintah resmi naik harga bbm september tolak kumpul dokumentasi aksi tolak naik harga bbm kota indonesia
2,8 videografer dari 8 kota mendokumentasikan aksi mahasiswa menolak kenaikan harga BBM. Segera di Watchdoc Kolaborasi. https://t.co/SdX9Ty50U3,0, videografer dari  kota mendokumentasikan aksi mahasiswa menolak kenaikan harga bbm segera di watchdoc kolaborasi ,"['videografer', 'dari', 'kota', 'mendokumentasikan', 'aksi', 'mahasiswa', 'menolak', 'kenaikan', 'harga', 'bbm', 'segera', 'di', 'watchdoc', 'kolaborasi']","['videografer', 'kota', 'mendokumentasikan', 'aksi', 'mahasiswa', 'menolak', 'kenaikan', 'harga', 'bbm', 'watchdoc', 'kolaborasi']","['videografer', 'kota', 'dokumentasi', 'aksi', 'mahasiswa', 'tolak', 'naik', 'harga', 'bbm', 'watchdoc', 'kolaborasi']",videografer kota dokumentasi aksi mahasiswa tolak naik harga bbm watchdoc kolaborasi
3,"Perang Rusia-Ukraina dimulai bulan Feb &amp; harga minyak hari ini lebih rendah dari bulan Jan..

Alasan kenaikan BBM krn perang jadi tdk relevan, para penyembah ahok auto mingkem!! https://t.co/7MqXeKX5gL",0,perang rusia ukraina dimulai bulan feb harga minyak hari ini lebih rendah dari bulan jan alasan kenaikan bbm krn perang jadi tdk relevan para penyembah ahok auto mingkem ,"['perang', 'rusia', 'ukraina', 'dimulai', 'bulan', 'feb', 'harga', 'minyak', 'hari', 'ini', 'lebih', 'rendah', 'dari', 'bulan', 'jan', 'alasan', 'kenaikan', 'bbm', 'krn', 'perang', 'jadi', 'tdk', 'relevan', 'para', 'penyembah', 'ahok', 'auto', 'mingkem']","['perang', 'rusia', 'ukraina', 'feb', 'harga', 'minyak', 'rendah', 'jan', 'alasan', 'kenaikan', 'bbm', 'krn', 'perang', 'tdk', 'relevan', 'penyembah', 'ahok', 'auto', 'mingkem']","['perang', 'rusia', 'ukraina', 'feb', 'harga', 'minyak', 'rendah', 'jan', 'alas', 'naik', 'bbm', 'krn', 'perang', 'tdk', 'relevan', 'sembah', 'ahok', 'auto', 'mingkem']",perang rusia ukraina feb harga minyak rendah jan alas naik bbm krn perang tdk relevan sembah ahok auto mingkem
4,Pengingkaran Elite di Balik Kenaikan Harga BBM https://t.co/Qs6KVNyh71,0,pengingkaran elite di balik kenaikan harga bbm ,"['pengingkaran', 'elite', 'di', 'balik', 'kenaikan', 'harga', 'bbm']","['pengingkaran', 'elite', 'kenaikan', 'harga', 'bbm']","['ingkar', 'elite', 'naik', 'harga', 'bbm']",ingkar elite naik harga bbm
5,"Tahun lalu rata2 upah (UMR) hanya naik 1,09% pertahun, inflasi makanan sudah 11.5% dan bisa cepat naik ke 15% akibat kenaikan harga BBM &amp; pelemahan rupiah. Ini namanya â€˜program pemiskinan masal buruhâ€™ ? Kok tega, ngakunya Pancasila, ngakunya merah putih ? Pancasila jangan slogan!",-1,tahun lalu rata upah umr hanya naik   pertahun inflasi makanan sudah   dan bisa cepat naik ke  akibat kenaikan harga bbm pelemahan rupiah ini namanya program pemiskinan masal buruh kok tega ngakunya pancasila ngakunya merah putih pancasila jangan slogan ,"['tahun', 'lalu', 'rata', 'upah', 'umr', 'hanya', 'naik', 'pertahun', 'inflasi', 'makanan', 'sudah', 'dan', 'bisa', 'cepat', 'naik', 'ke', 'akibat', 'kenaikan', 'harga', 'bbm', 'pelemahan', 'rupiah', 'ini', 'namanya', 'program', 'pemiskinan', 'masal', 'buruh', 'kok', 'tega', 'ngakunya', 'pancasila', 'ngakunya', 'merah', 'putih', 'pancasila', 'jangan', 'slogan']","['upah', 'umr', 'pertahun', 'inflasi', 'makanan', 'cepat', 'akibat', 'kenaikan', 'harga', 'bbm', 'pelemahan', 'rupiah', 'namanya', 'program', 'pemiskinan', 'masal', 'buruh', 'tega', 'ngakunya', 'pancasila', 'ngakunya', 'merah', 'putih', 'pancasila', 'slogan']","['upah', 'umr', 'tahun', 'inflasi', 'makan', 'cepat', 'akibat', 'naik', 'harga', 'bbm', 'lemah', 'rupiah', 'nama', 'program', 'miskin', 'masal', 'buruh', 'tega', 'ngakunya', 'pancasila', 'ngakunya', 'merah', 'putih', 'pancasila', 'slogan']",upah umr tahun inflasi makan cepat akibat naik harga bbm lemah rupiah nama program miskin masal buruh tega ngakunya pancasila ngakunya merah putih pancasila slogan
6,"Setelah Harga BBM 2x Naik, SPBU Vivo Tetap Ramai.

Suasana SPBU Vivo Tendean, setelah BBM Vivo Revvo 89 dinaikkan 2x menjadi Rp. 11.600,-/liter tetap ramai walaupun lebih mahal dari BBM Pertalite Pertamina RON 90 dg harga Rp. 10.000,-/liter. https://t.co/6Iu8UxDQDQ",0,setelah harga bbm x naik spbu vivo tetap ramai suasana spbu vivo tendean setelah bbm vivo revvo  dinaikkan x menjadi rp   liter tetap ramai walaupun lebih mahal dari bbm pertalite pertamina ron  dg harga rp   liter ,"['setelah', 'harga', 'bbm', 'x', 'naik', 'spbu', 'vivo', 'tetap', 'ramai', 'suasana', 'spbu', 'vivo', 'tendean', 'setelah', 'bbm', 'vivo', 'revvo', 'dinaikkan', 'x', 'menjadi', 'rp', 'liter', 'tetap', 'ramai', 'walaupun', 'lebih', 'mahal', 'dari', 'bbm', 'pertalite', 'pertamina', 'ron', 'dg', 'harga', 'rp', 'liter']","['harga', 'bbm', 'x', 'spbu', 'vivo', 'ramai', 'suasana', 'spbu', 'vivo', 'tendean', 'bbm', 'vivo', 'revvo', 'dinaikkan', 'x', 'rp', 'liter', 'ramai', 'mahal', 'bbm', 'pertalite', 'pertamina', 'ron', 'dg', 'harga', 'rp', 'liter']","['harga', 'bbm', 'x', 'spbu', 'vivo', 'ramai', 'suasana', 'spbu', 'vivo', 'tendean', 'bbm', 'vivo', 'revvo', 'naik', 'x', 'rp', 'liter', 'ramai', 'mahal', 'bbm', 'pertalite', 'pertamina', 'ron', 'dg', 'harga', 'rp', 'liter']",harga bbm x spbu vivo ramai suasana spbu vivo tendean bbm vivo revvo naik x rp liter ramai mahal bbm pertalite pertamina ron dg harga rp liter
7,Gimana mau dibilang â€˜arif-bijaksanaâ€™ kalau menyusahkan hidup rakyat dengan menaikkan harga BBM padahal harga minyak dunia sedang rendah2nya??? https://t.co/ejaRS8AXBL,-1,gimana mau dibilang arif bijaksana kalau menyusahkan hidup rakyat dengan menaikkan harga bbm padahal harga minyak dunia sedang rendahnya ,"['gimana', 'mau', 'dibilang', 'arif', 'bijaksana', 'kalau', 'menyusahkan', 'hidup', 'rakyat', 'dengan', 'menaikkan', 'harga', 'bbm', 'padahal', 'harga', 'minyak', 'dunia', 'sedang', 'rendahnya']","['gimana', 'dibilang', 'arif', 'bijaksana', 'menyusahkan', 'hidup', 'rakyat', 'menaikkan', 'harga', 'bbm', 'harga', 'minyak', 'dunia', 'rendahnya']","['gimana', 'bilang', 'arif', 'bijaksana', 'susah', 'hidup', 'rakyat', 'naik', 'harga', 'bbm', 'harga', 'minyak', 'dunia', 'rendah']",gimana bilang arif bijaksana susah hidup rakyat naik harga bbm harga minyak dunia rendah
8,"@Nada10062503 @jokowi Naik Akab 100 ribu aja lu ribut, gmn kalo lu naik kereta cepat ?
Calo, preman terminal &amp; PO bus yg naikin harga knp pak Jokowi yg disalahkan ?
Kan dia yg menaikkan harga BBM ?
Bukan tp menarik subsidi BBM, sampai kapan org2 kaya disubsidi ?
Lagian lu jln kaki aja pake lewat TOL.",1, naik akab  ribu aja lu ribut gmn kalo lu naik kereta cepat calo preman terminal po bus yg naikin harga knp pak jokowi yg disalahkan kan dia yg menaikkan harga bbm bukan tp menarik subsidi bbm sampai kapan org kaya disubsidi lagian lu jln kaki aja pake lewat tol ,"['naik', 'akab', 'ribu', 'aja', 'lu', 'ribut', 'gmn', 'kalo', 'lu', 'naik', 'kereta', 'cepat', 'calo', 'preman', 'terminal', 'po', 'bus', 'yg', 'naikin', 'harga', 'knp', 'pak', 'jokowi', 'yg', 'disalahkan', 'kan', 'dia', 'yg', 'menaikkan', 'harga', 'bbm', 'bukan', 'tp', 'menarik', 'subsidi', 'bbm', 'sampai', 'kapan', 'org', 'kaya', 'disubsidi', 'lagian', 'lu', 'jln', 'kaki', 'aja', 'pake', 'lewat', 'tol']","['akab', 'ribu', 'aja', 'lu', 'ribut', 'gmn', 'kalo', 'lu', 'kereta', 'cepat', 'calo', 'preman', 'terminal', 'po', 'bus', 'yg', 'naikin', 'harga', 'knp', 'jokowi', 'yg', 'disalahkan', 'yg', 'menaikkan', 'harga', 'bbm', 'tp', 'menarik', 'subsidi', 'bbm', 'org', 'kaya', 'disubsidi', 'lu', 'jln', 'kaki', 'aja', 'pake', 'tol']","['akab', 'ribu', 'aja', 'lu', 'ribut', 'gmn', 'kalo', 'lu', 'kereta', 'cepat', 'calo', 'preman', 'terminal', 'po', 'bus', 'yg', 'naikin', 'harga', 'knp', 'jokowi', 'yg', 'salah', 'yg', 'naik', 'harga', 'bbm', 'tp', 'tarik', 'subsidi', 'bbm', 'org', 'kaya', 'subsidi', 'lu', 'jln', 'kaki', 'aja', 'pake', 'tol']",akab ribu aja lu ribut gmn kalo lu kereta cepat calo preman terminal po bus yg naikin harga knp jokowi yg salah yg naik harga bbm tp tarik subsidi bbm org kaya subsidi lu jln kaki aja pake tol
9,Gubernur Jawa Tengah @ganjarpranowo mengajak mahasiswa untuk berani menggelar aksi menyikapi penyesuaian harga BBM bersubsidi dengan mengawasi penyaluran bantuan sosial yang merupakan kompensasi bagi masyarakat yang terdampak. https://t.co/MJrU01eGjw,0,gubernur jawa tengah mengajak mahasiswa untuk berani menggelar aksi menyikapi penyesuaian harga bbm bersubsidi dengan mengawasi penyaluran bantuan sosial yang merupakan kompensasi bagi masyarakat yang terdampak ,"['gubernur', 'jawa', 'tengah', 'mengajak', 'mahasiswa', 'untuk', 'berani', 'menggelar', 'aksi', 'menyikapi', 'penyesuaian', 'harga', 'bbm', 'bersubsidi', 'dengan', 'mengawasi', 'penyaluran', 'bantuan', 'sosial', 'yang', 'merupakan', 'kompensasi', 'bagi', 'masyarakat', 'yang', 'terdampak']","['gubernur', 'jawa', 'mengajak', 'mahasiswa', 'berani', 'menggelar', 'aksi', 'menyikapi', 'penyesuaian', 'harga', 'bbm', 'bersubsidi', 'mengawasi', 'penyaluran', 'bantuan', 'sosial', 'kompensasi', 'masyarakat', 'terdampak']","['gubernur', 'jawa', 'ajak', 'mahasiswa', 'berani', 'gelar', 'aksi', 'sikap', 'sesuai', 'harga', 'bbm', 'subsidi', 'awas', 'salur', 'bantu', 'sosial', 'kompensasi', 'masyarakat', 'dampak']",gubernur jawa ajak mahasiswa berani gelar aksi sikap sesuai harga bbm subsidi awas salur bantu sosial kompensasi masyarakat dampak
10,"Harga minyak dunia lagi turun-turunnya nih. Bismillahâ€¦ semoga bisa menular ke harga BBM yah ğŸ™ğŸ¼

| Mata Najwa https://t.co/LbQ6H9VUTF",0,harga minyak dunia lagi turun turunnya nih bismillah semoga bisa menular ke harga bbm yah mata najwa ,"['harga', 'minyak', 'dunia', 'lagi', 'turun', 'turunnya', 'nih', 'bismillah', 'semoga', 'bisa', 'menular', 'ke', 'harga', 'bbm', 'yah', 'mata', 'najwa']","['harga', 'minyak', 'dunia', 'turun', 'turunnya', 'nih', 'bismillah', 'semoga', 'menular', 'harga', 'bbm', 'yah', 'mata', 'najwa']","['harga', 'minyak', 'dunia', 'turun', 'turun', 'nih', 'bismillah', 'moga', 'tular', 'harga', 'bbm', 'yah', 'mata', 'najwa']",harga minyak dunia turun turun nih bismillah moga tular harga bbm yah mata najwa
11,"Nama: Teuku Erriyan
Kelompok: Hirav (11)

what do you think when you see this meme? munculnya berita hacker bjorka dan juga keputusan presiden tentang naiknya harga bbm dikala situasi yang gundah gulana.

""Kritik Boleh, Tapi Harus Kritis!"" #GALATEA2022 #LKMMPraTD #HimakomUPNVJT https://t.co/9DXV7xRIUr",1,nama teuku erriyan kelompok hirav  what do you think when you see this meme munculnya berita hacker bjorka dan juga keputusan presiden tentang naiknya harga bbm dikala situasi yang gundah gulana kritik boleh tapi harus kritis ,"['nama', 'teuku', 'erriyan', 'kelompok', 'hirav', 'what', 'do', 'you', 'think', 'when', 'you', 'see', 'this', 'meme', 'munculnya', 'berita', 'hacker', 'bjorka', 'dan', 'juga', 'keputusan', 'presiden', 'tentang', 'naiknya', 'harga', 'bbm', 'dikala', 'situasi', 'yang', 'gundah', 'gulana', 'kritik', 'boleh', 'tapi', 'harus', 'kritis']","['nama', 'teuku', 'erriyan', 'kelompok', 'hirav', 'what', 'do', 'you', 'think', 'when', 'you', 'see', 'this', 'meme', 'munculnya', 'berita', 'hacker', 'bjorka', 'keputusan', 'presiden', 'naiknya', 'harga', 'bbm', 'dikala', 'situasi', 'gundah', 'gulana', 'kritik', 'kritis']","['nama', 'teuku', 'erriyan', 'kelompok', 'hirav', 'what', 'do', 'you', 'think', 'when', 'you', 'see', 'this', 'meme', 'muncul', 'berita', 'hacker', 'bjorka', 'putus', 'presiden', 'naik', 'harga', 'bbm', 'kala', 'situasi', 'gundah', 'gulana', 'kritik', 'kritis']",nama teuku erriyan kelompok hirav what do you think when you see this meme muncul berita hacker bjorka putus presiden naik harga bbm kala situasi gundah gulana kritik kritis
12,"Belum Surut, Buruh dan Petani Demo Tolak Kenaikan Harga BBM di DPR
https://t.co/pcJa10nZ4k",0,belum surut buruh dan petani demo tolak kenaikan harga bbm di dpr ,"['belum', 'surut', 'buruh', 'dan', 'petani', 'demo', 'tolak', 'kenaikan', 'harga', 'bbm', 'di', 'dpr']","['surut', 'buruh', 'petani', 'demo', 'tolak', 'kenaikan', 'harga', 'bbm', 'dpr']","['surut', 'buruh', 'tani', 'demo', 'tolak', 'naik', 'harga', 'bbm', 'dpr']",surut buruh tani demo tolak naik harga bbm dpr
13,"@detikcom Harga BBM naik,, tapi para Oknum di Pertamina malah menurunkan Kualitas Produk terutama jenis PERTALITE, sekarang jadi Boros loohh.
Kemana nich BUMN..???
Ambilah Cuan yg wajar... Apa gk malu melihat Masyarakat kelas menengah ke bawah pada menjerit.. Dimana Hatimu",-1, harga bbm naik tapi para oknum di pertamina malah menurunkan kualitas produk terutama jenis pertalite sekarang jadi boros loohh kemana nich bumn ambilah cuan yg wajar apa gk malu melihat masyarakat kelas menengah ke bawah pada menjerit dimana hatimu,"['harga', 'bbm', 'naik', 'tapi', 'para', 'oknum', 'di', 'pertamina', 'malah', 'menurunkan', 'kualitas', 'produk', 'terutama', 'jenis', 'pertalite', 'sekarang', 'jadi', 'boros', 'loohh', 'kemana', 'nich', 'bumn', 'ambilah', 'cuan', 'yg', 'wajar', 'apa', 'gk', 'malu', 'melihat', 'masyarakat', 'kelas', 'menengah', 'ke', 'bawah', 'pada', 'menjerit', 'dimana', 'hatimu']","['harga', 'bbm', 'oknum', 'pertamina', 'menurunkan', 'kualitas', 'produk', 'jenis', 'pertalite', 'boros', 'loohh', 'kemana', 'nich', 'bumn', 'ambilah', 'cuan', 'yg', 'wajar', 'gk', 'malu', 'masyarakat', 'kelas', 'menengah', 'menjerit', 'dimana', 'hatimu']","['harga', 'bbm', 'oknum', 'pertamina', 'turun', 'kualitas', 'produk', 'jenis', 'pertalite', 'boros', 'loohh', 'mana', 'nich', 'bumn', 'ambi', 'cuan', 'yg', 'wajar', 'gk', 'malu', 'masyarakat', 'kelas', 'tengah', 'jerit', 'mana', 'hati']",harga bbm oknum pertamina turun kualitas produk jenis pertalite boros loohh mana nich bumn ambi cuan yg wajar gk malu masyarakat kelas tengah jerit mana hati
14,"Demonstrasi tolak naiknya harga BBM/energi Berlanjut, Buruh dan Mahasiswa Sambangi Gedung DPR https://t.co/jN6Tm8SwlG  @RamliRizal https://t.co/Quyyj10WhJ",0,demonstrasi tolak naiknya harga bbm energi berlanjut buruh dan mahasiswa sambangi gedung dpr ,"['demonstrasi', 'tolak', 'naiknya', 'harga', 'bbm', 'energi', 'berlanjut', 'buruh', 'dan', 'mahasiswa', 'sambangi', 'gedung', 'dpr']","['demonstrasi', 'tolak', 'naiknya', 'harga', 'bbm', 'energi', 'berlanjut', 'buruh', 'mahasiswa', 'sambangi', 'gedung', 'dpr']","['demonstrasi', 'tolak', 'naik', 'harga', 'bbm', 'energi', 'lanjut', 'buruh', 'mahasiswa', 'sambang', 'gedung', 'dpr']",demonstrasi tolak naik harga bbm energi lanjut buruh mahasiswa sambang gedung dpr
15,"Kalo untuk penjual ""APEM"" sich gak masalah harga BBM naik juga, dikiranya apem dia gak bakalan kisut apa? https://t.co/1uNwHqTync",-1,kalo untuk penjual apem sich gak masalah harga bbm naik juga dikiranya apem dia gak bakalan kisut apa ,"['kalo', 'untuk', 'penjual', 'apem', 'sich', 'gak', 'masalah', 'harga', 'bbm', 'naik', 'juga', 'dikiranya', 'apem', 'dia', 'gak', 'bakalan', 'kisut', 'apa']","['kalo', 'penjual', 'apem', 'sich', 'gak', 'harga', 'bbm', 'dikiranya', 'apem', 'gak', 'kisut']","['kalo', 'jual', 'apem', 'sich', 'gak', 'harga', 'bbm', 'kira', 'apem', 'gak', 'kisut']",kalo jual apem sich gak harga bbm kira apem gak kisut
16,Dan saat ini harga BBM termahal di Indonesia sejak Indonesia Merdeka.,-1,dan saat ini harga bbm termahal di indonesia sejak indonesia merdeka ,"['dan', 'saat', 'ini', 'harga', 'bbm', 'termahal', 'di', 'indonesia', 'sejak', 'indonesia', 'merdeka']","['harga', 'bbm', 'termahal', 'indonesia', 'indonesia', 'merdeka']","['harga', 'bbm', 'mahal', 'indonesia', 'indonesia', 'merdeka']",harga bbm mahal indonesia indonesia merdeka
17,"Dukung Pemerintah Naikkan Harga BBM, Nikita Mirzani: Bila Perlu Satu Liter Rp 1 Juta
https://t.co/aeNeVlKmhu",0,dukung pemerintah naikkan harga bbm nikita mirzani bila perlu satu liter rp  juta ,"['dukung', 'pemerintah', 'naikkan', 'harga', 'bbm', 'nikita', 'mirzani', 'bila', 'perlu', 'satu', 'liter', 'rp', 'juta']","['dukung', 'pemerintah', 'naikkan', 'harga', 'bbm', 'nikita', 'mirzani', 'liter', 'rp', 'juta']","['dukung', 'perintah', 'naik', 'harga', 'bbm', 'nikita', 'mirzani', 'liter', 'rp', 'juta']",dukung perintah naik harga bbm nikita mirzani liter rp juta
18,"H17 (Pekan ke-4) Selasa 27 Sep 2022:
Aksi Nasional III - Tolak Kenaikan Harga #BBM âœŠ BEM SI ... #Nalar! https://t.co/MOtPaPMGAb",-1,h pekan ke  selasa  sep  aksi nasional iii tolak kenaikan harga bem si ,"['h', 'pekan', 'ke', 'selasa', 'sep', 'aksi', 'nasional', 'iii', 'tolak', 'kenaikan', 'harga', 'bem', 'si']","['h', 'pekan', 'selasa', 'sep', 'aksi', 'nasional', 'iii', 'tolak', 'kenaikan', 'harga', 'bem', 'si']","['h', 'pekan', 'selasa', 'sep', 'aksi', 'nasional', 'iii', 'tolak', 'naik', 'harga', 'bem', 'si']",h pekan selasa sep aksi nasional iii tolak naik harga bem si
19,"Harusnya Tidak Ada Alasan Harga BBM Naik, Anthony Budiawan: APBN Surplus Rp106 Triliun Per Akhir Juli 2022
https://t.co/ergvPs4MA6",0,harusnya tidak ada alasan harga bbm naik anthony budiawan apbn surplus rp triliun per akhir juli  ,"['harusnya', 'tidak', 'ada', 'alasan', 'harga', 'bbm', 'naik', 'anthony', 'budiawan', 'apbn', 'surplus', 'rp', 'triliun', 'per', 'akhir', 'juli']","['alasan', 'harga', 'bbm', 'anthony', 'budiawan', 'apbn', 'surplus', 'rp', 'triliun', 'juli']","['alas', 'harga', 'bbm', 'anthony', 'budiawan', 'apbn', 'surplus', 'rp', 'triliun', 'juli']",alas harga bbm anthony budiawan apbn surplus rp triliun juli
20,"Sepertinya sebentar lagi muncul pahlawan yg itu mengumumkan penurunan harga BBM.
Terus para pemujanya kompak tepuk tangan seakan hasil kerjanya.",0,sepertinya sebentar lagi muncul pahlawan yg itu mengumumkan penurunan harga bbm terus para pemujanya kompak tepuk tangan seakan hasil kerjanya ,"['sepertinya', 'sebentar', 'lagi', 'muncul', 'pahlawan', 'yg', 'itu', 'mengumumkan', 'penurunan', 'harga', 'bbm', 'terus', 'para', 'pemujanya', 'kompak', 'tepuk', 'tangan', 'seakan', 'hasil', 'kerjanya']","['sebentar', 'muncul', 'pahlawan', 'yg', 'mengumumkan', 'penurunan', 'harga', 'bbm', 'pemujanya', 'kompak', 'tepuk', 'tangan', 'seakan', 'hasil', 'kerjanya']","['sebentar', 'muncul', 'pahlawan', 'yg', 'umum', 'turun', 'harga', 'bbm', 'puja', 'kompak', 'tepuk', 'tangan', 'akan', 'hasil', 'kerja']",sebentar muncul pahlawan yg umum turun harga bbm puja kompak tepuk tangan akan hasil kerja
21,"Walaupun harga bbm naik. Kalo kamu ngajak jalan, aku tetep gas ngeng. ğŸ›µ https://t.co/rD3hFowz4O",0,walaupun harga bbm naik kalo kamu ngajak jalan aku tetep gas ngeng ,"['walaupun', 'harga', 'bbm', 'naik', 'kalo', 'kamu', 'ngajak', 'jalan', 'aku', 'tetep', 'gas', 'ngeng']","['harga', 'bbm', 'kalo', 'ngajak', 'jalan', 'tetep', 'gas', 'ngeng']","['harga', 'bbm', 'kalo', 'ngajak', 'jalan', 'tetep', 'gas', 'ngeng']",harga bbm kalo ngajak jalan tetep gas ngeng
22,"Benar, tidak ada alasan harga BBM naik. Penerimaan negara Jan-Jul 2022 naik Rp519 triliun dibandingkan Jan-Jul 2021, APBN surplus Rp106 triliun per akhir Juli 2022. Harga minyak mentah sedang turun, saat ini sekitar $78 per barel. Tidak benar APBN jebol.

https://t.co/CV3lqz2bAL",-1,benar tidak ada alasan harga bbm naik penerimaan negara jan jul  naik rp triliun dibandingkan jan jul  apbn surplus rp triliun per akhir juli  harga minyak mentah sedang turun saat ini sekitar  per barel tidak benar apbn jebol ,"['benar', 'tidak', 'ada', 'alasan', 'harga', 'bbm', 'naik', 'penerimaan', 'negara', 'jan', 'jul', 'naik', 'rp', 'triliun', 'dibandingkan', 'jan', 'jul', 'apbn', 'surplus', 'rp', 'triliun', 'per', 'akhir', 'juli', 'harga', 'minyak', 'mentah', 'sedang', 'turun', 'saat', 'ini', 'sekitar', 'per', 'barel', 'tidak', 'benar', 'apbn', 'jebol']","['alasan', 'harga', 'bbm', 'penerimaan', 'negara', 'jan', 'jul', 'rp', 'triliun', 'dibandingkan', 'jan', 'jul', 'apbn', 'surplus', 'rp', 'triliun', 'juli', 'harga', 'minyak', 'mentah', 'turun', 'barel', 'apbn', 'jebol']","['alas', 'harga', 'bbm', 'terima', 'negara', 'jan', 'jul', 'rp', 'triliun', 'banding', 'jan', 'jul', 'apbn', 'surplus', 'rp', 'triliun', 'juli', 'harga', 'minyak', 'mentah', 'turun', 'barel', 'apbn', 'jebol']",alas harga bbm terima negara jan jul rp triliun banding jan jul apbn surplus rp triliun juli harga minyak mentah turun barel apbn jebol
23,"Semua yg dibangun mubazir skrg ini. Siapa yg pakai jln tol dng harga BBM saat ini, siapa yg mau ke airport yg buanyak itu utk terbang kesana-kemari dng BBM yg meroket saat ini., daaan siapa yg mau invest ke Indonesia? dan siapa yg mau pinjamkan uang utk bayar utang jatuh tempo??",-1,semua yg dibangun mubazir skrg ini siapa yg pakai jln tol dng harga bbm saat ini siapa yg mau ke airport yg buanyak itu utk terbang kesana kemari dng bbm yg meroket saat ini daaan siapa yg mau invest ke indonesia dan siapa yg mau pinjamkan uang utk bayar utang jatuh tempo ,"['semua', 'yg', 'dibangun', 'mubazir', 'skrg', 'ini', 'siapa', 'yg', 'pakai', 'jln', 'tol', 'dng', 'harga', 'bbm', 'saat', 'ini', 'siapa', 'yg', 'mau', 'ke', 'airport', 'yg', 'buanyak', 'itu', 'utk', 'terbang', 'kesana', 'kemari', 'dng', 'bbm', 'yg', 'meroket', 'saat', 'ini', 'daaan', 'siapa', 'yg', 'mau', 'invest', 'ke', 'indonesia', 'dan', 'siapa', 'yg', 'mau', 'pinjamkan', 'uang', 'utk', 'bayar', 'utang', 'jatuh', 'tempo']","['yg', 'dibangun', 'mubazir', 'skrg', 'yg', 'pakai', 'jln', 'tol', 'dng', 'harga', 'bbm', 'yg', 'airport', 'yg', 'buanyak', 'utk', 'terbang', 'kesana', 'kemari', 'dng', 'bbm', 'yg', 'meroket', 'daaan', 'yg', 'invest', 'indonesia', 'yg', 'pinjamkan', 'uang', 'utk', 'bayar', 'utang', 'jatuh', 'tempo']","['yg', 'bangun', 'mubazir', 'skrg', 'yg', 'pakai', 'jln', 'tol', 'dng', 'harga', 'bbm', 'yg', 'airport', 'yg', 'buanyak', 'utk', 'terbang', 'kesana', 'kemari', 'dng', 'bbm', 'yg', 'roket', 'daaan', 'yg', 'invest', 'indonesia', 'yg', 'pinjam', 'uang', 'utk', 'bayar', 'utang', 'jatuh', 'tempo']",yg bangun mubazir skrg yg pakai jln tol dng harga bbm yg airport yg buanyak utk terbang kesana kemari dng bbm yg roket daaan yg invest indonesia yg pinjam uang utk bayar utang jatuh tempo
24,"Senin 26 September 2022 
Selamat Pagi #Indonesia ... tetap semangat, walaupun industri melambat, investasi mangkrak, inflasi tinggi, dan PHK melanda. Jangan lupa utang makin bertambah dan demo Tolak Kenaikan Harga #BBM memasuki pekan ke-4. #Nalar ... âœŠ https://t.co/Z3Mp3Snpvc",-1,senin  september  selamat pagi tetap semangat walaupun industri melambat investasi mangkrak inflasi tinggi dan phk melanda jangan lupa utang makin bertambah dan demo tolak kenaikan harga memasuki pekan ke  ,"['senin', 'september', 'selamat', 'pagi', 'tetap', 'semangat', 'walaupun', 'industri', 'melambat', 'investasi', 'mangkrak', 'inflasi', 'tinggi', 'dan', 'phk', 'melanda', 'jangan', 'lupa', 'utang', 'makin', 'bertambah', 'dan', 'demo', 'tolak', 'kenaikan', 'harga', 'memasuki', 'pekan', 'ke']","['senin', 'september', 'selamat', 'pagi', 'semangat', 'industri', 'melambat', 'investasi', 'mangkrak', 'inflasi', 'phk', 'melanda', 'lupa', 'utang', 'bertambah', 'demo', 'tolak', 'kenaikan', 'harga', 'memasuki', 'pekan']","['senin', 'september', 'selamat', 'pagi', 'semangat', 'industri', 'lambat', 'investasi', 'mangkrak', 'inflasi', 'phk', 'landa', 'lupa', 'utang', 'tambah', 'demo', 'tolak', 'naik', 'harga', 'pasuk', 'pekan']",senin september selamat pagi semangat industri lambat investasi mangkrak inflasi phk landa lupa utang tambah demo tolak naik harga pasuk pekan
25,"Ketua Umum PDIP Megawati Soekarnoputri mengatakan pemerintahan Presiden Jokowi memang perlu menaikkan harga BBM subsidi. Jika tidak, kata Megawati, situasi akan menjadi lebih sulit.

Partai wong licik

 #PejabatLaknat
#PejabatLaknat https://t.co/4ityjxAfvv",1,ketua umum pdip megawati soekarnoputri mengatakan pemerintahan presiden jokowi memang perlu menaikkan harga bbm subsidi jika tidak kata megawati situasi akan menjadi lebih sulit partai wong licik ,"['ketua', 'umum', 'pdip', 'megawati', 'soekarnoputri', 'mengatakan', 'pemerintahan', 'presiden', 'jokowi', 'memang', 'perlu', 'menaikkan', 'harga', 'bbm', 'subsidi', 'jika', 'tidak', 'kata', 'megawati', 'situasi', 'akan', 'menjadi', 'lebih', 'sulit', 'partai', 'wong', 'licik']","['ketua', 'pdip', 'megawati', 'soekarnoputri', 'pemerintahan', 'presiden', 'jokowi', 'menaikkan', 'harga', 'bbm', 'subsidi', 'megawati', 'situasi', 'sulit', 'partai', 'licik']","['ketua', 'pdip', 'megawati', 'soekarnoputri', 'perintah', 'presiden', 'jokowi', 'naik', 'harga', 'bbm', 'subsidi', 'megawati', 'situasi', 'sulit', 'partai', 'licik']",ketua pdip megawati soekarnoputri perintah presiden jokowi naik harga bbm subsidi megawati situasi sulit partai licik
26,"Jelas Tuntutannya Batalkan Kenaikan Harga BBM, Batalkan UU Omnibuslaw, Turunkan Harga Sembako, Tolak RUUKUHP..!!! atau Pak de Mundur aja..!!! https://t.co/6fhxLYCR0i",-1,jelas tuntutannya batalkan kenaikan harga bbm batalkan uu omnibuslaw turunkan harga sembako tolak ruukuhp atau pak de mundur aja ,"['jelas', 'tuntutannya', 'batalkan', 'kenaikan', 'harga', 'bbm', 'batalkan', 'uu', 'omnibuslaw', 'turunkan', 'harga', 'sembako', 'tolak', 'ruukuhp', 'atau', 'pak', 'de', 'mundur', 'aja']","['tuntutannya', 'batalkan', 'kenaikan', 'harga', 'bbm', 'batalkan', 'uu', 'omnibuslaw', 'turunkan', 'harga', 'sembako', 'tolak', 'ruukuhp', 'de', 'mundur', 'aja']","['tuntut', 'batal', 'naik', 'harga', 'bbm', 'batal', 'uu', 'omnibuslaw', 'turun', 'harga', 'sembako', 'tolak', 'ruukuhp', 'de', 'mundur', 'aja']",tuntut batal naik harga bbm batal uu omnibuslaw turun harga sembako tolak ruukuhp de mundur aja
27,"#BioskopWarga ANGIN TIMUR tentang nelayan, harga BBM, dan oligarki di pesisir sedang musim nobar.

Terima kasih kawan-kawan penyelenggara di berbagai kota yang secara swadaya menggelar layar dengan tiket sukarela. https://t.co/zgzciRpcXI",0, angin timur tentang nelayan harga bbm dan oligarki di pesisir sedang musim nobar terima kasih kawan kawan penyelenggara di berbagai kota yang secara swadaya menggelar layar dengan tiket sukarela ,"['angin', 'timur', 'tentang', 'nelayan', 'harga', 'bbm', 'dan', 'oligarki', 'di', 'pesisir', 'sedang', 'musim', 'nobar', 'terima', 'kasih', 'kawan', 'kawan', 'penyelenggara', 'di', 'berbagai', 'kota', 'yang', 'secara', 'swadaya', 'menggelar', 'layar', 'dengan', 'tiket', 'sukarela']","['angin', 'timur', 'nelayan', 'harga', 'bbm', 'oligarki', 'pesisir', 'musim', 'nobar', 'terima', 'kasih', 'kawan', 'kawan', 'penyelenggara', 'kota', 'swadaya', 'menggelar', 'layar', 'tiket', 'sukarela']","['angin', 'timur', 'nelayan', 'harga', 'bbm', 'oligarki', 'pesisir', 'musim', 'nobar', 'terima', 'kasih', 'kawan', 'kawan', 'selenggara', 'kota', 'swadaya', 'gelar', 'layar', 'tiket', 'sukarela']",angin timur nelayan harga bbm oligarki pesisir musim nobar terima kasih kawan kawan selenggara kota swadaya gelar layar tiket sukarela
28,"Pemerintah didesak untuk segera menurunkan harga BBM lantaran harga minyak dunia saat ini kembali turun. Tercatat harga minyak dunia berada di level 86,15 dolar AS per barel untuk Brent dan 78,74 dolar AS per barel untuk West Texas Intermediate (WTI).
https://t.co/M74ncMjlEc",0,pemerintah didesak untuk segera menurunkan harga bbm lantaran harga minyak dunia saat ini kembali turun tercatat harga minyak dunia berada di level   dolar as per barel untuk brent dan   dolar as per barel untuk west texas intermediate wti ,"['pemerintah', 'didesak', 'untuk', 'segera', 'menurunkan', 'harga', 'bbm', 'lantaran', 'harga', 'minyak', 'dunia', 'saat', 'ini', 'kembali', 'turun', 'tercatat', 'harga', 'minyak', 'dunia', 'berada', 'di', 'level', 'dolar', 'as', 'per', 'barel', 'untuk', 'brent', 'dan', 'dolar', 'as', 'per', 'barel', 'untuk', 'west', 'texas', 'intermediate', 'wti']","['pemerintah', 'didesak', 'menurunkan', 'harga', 'bbm', 'lantaran', 'harga', 'minyak', 'dunia', 'turun', 'tercatat', 'harga', 'minyak', 'dunia', 'level', 'dolar', 'as', 'barel', 'brent', 'dolar', 'as', 'barel', 'west', 'texas', 'intermediate', 'wti']","['perintah', 'desak', 'turun', 'harga', 'bbm', 'lantar', 'harga', 'minyak', 'dunia', 'turun', 'catat', 'harga', 'minyak', 'dunia', 'level', 'dolar', 'as', 'barel', 'brent', 'dolar', 'as', 'barel', 'west', 'texas', 'intermediate', 'wti']",perintah desak turun harga bbm lantar harga minyak dunia turun catat harga minyak dunia level dolar as barel brent dolar as barel west texas intermediate wti
29,Harga BBM tetap MEROKET https://t.co/2NWwfZpOIV,0,harga bbm tetap meroket ,"['harga', 'bbm', 'tetap', 'meroket']","['harga', 'bbm', 'meroket']","['harga', 'bbm', 'roket']",harga bbm roket
30,"Harga BBM naik saja sudah membuat beaya perjalanan darat naik.
Kalau ditambah tarif toll naik, semakin kurang atraktif jadinya.
Lagipula apa alasan menaikkan tarif toll? Apa kaitannya dgn kenaikan harga BBM?
Bukankah tarif toll setiap 2 tahun naik walau harga BBM tak berubah?",-1,harga bbm naik saja sudah membuat beaya perjalanan darat naik kalau ditambah tarif toll naik semakin kurang atraktif jadinya lagipula apa alasan menaikkan tarif toll apa kaitannya dgn kenaikan harga bbm bukankah tarif toll setiap  tahun naik walau harga bbm tak berubah ,"['harga', 'bbm', 'naik', 'saja', 'sudah', 'membuat', 'beaya', 'perjalanan', 'darat', 'naik', 'kalau', 'ditambah', 'tarif', 'toll', 'naik', 'semakin', 'kurang', 'atraktif', 'jadinya', 'lagipula', 'apa', 'alasan', 'menaikkan', 'tarif', 'toll', 'apa', 'kaitannya', 'dgn', 'kenaikan', 'harga', 'bbm', 'bukankah', 'tarif', 'toll', 'setiap', 'tahun', 'naik', 'walau', 'harga', 'bbm', 'tak', 'berubah']","['harga', 'bbm', 'beaya', 'perjalanan', 'darat', 'ditambah', 'tarif', 'toll', 'atraktif', 'lagipula', 'alasan', 'menaikkan', 'tarif', 'toll', 'kaitannya', 'dgn', 'kenaikan', 'harga', 'bbm', 'tarif', 'toll', 'harga', 'bbm', 'berubah']","['harga', 'bbm', 'beaya', 'jalan', 'darat', 'tambah', 'tarif', 'toll', 'atraktif', 'lagipula', 'alas', 'naik', 'tarif', 'toll', 'kait', 'dgn', 'naik', 'harga', 'bbm', 'tarif', 'toll', 'harga', 'bbm', 'ubah']",harga bbm beaya jalan darat tambah tarif toll atraktif lagipula alas naik tarif toll kait dgn naik harga bbm tarif toll harga bbm ubah
31,"Dhanil, mahasiswa ITB peserta Olimpiade APBN 2022 yg diselenggarakan oleh Kemenkeu kritik Menkeu. Kenaikan harga BBM bersubsidi adalah kebijakan pemerintah yg tdk berempati
 https://t.co/hoLXkjdf0A

Dahnil cerdas. Ada alternatif kok tanpa tambah beban rakyat. Kurangi bunga utang",0,dhanil mahasiswa itb peserta olimpiade apbn  yg diselenggarakan oleh kemenkeu kritik menkeu kenaikan harga bbm bersubsidi adalah kebijakan pemerintah yg tdk berempati dahnil cerdas ada alternatif kok tanpa tambah beban rakyat kurangi bunga utang,"['dhanil', 'mahasiswa', 'itb', 'peserta', 'olimpiade', 'apbn', 'yg', 'diselenggarakan', 'oleh', 'kemenkeu', 'kritik', 'menkeu', 'kenaikan', 'harga', 'bbm', 'bersubsidi', 'adalah', 'kebijakan', 'pemerintah', 'yg', 'tdk', 'berempati', 'dahnil', 'cerdas', 'ada', 'alternatif', 'kok', 'tanpa', 'tambah', 'beban', 'rakyat', 'kurangi', 'bunga', 'utang']","['dhanil', 'mahasiswa', 'itb', 'peserta', 'olimpiade', 'apbn', 'yg', 'diselenggarakan', 'kemenkeu', 'kritik', 'menkeu', 'kenaikan', 'harga', 'bbm', 'bersubsidi', 'kebijakan', 'pemerintah', 'yg', 'tdk', 'berempati', 'dahnil', 'cerdas', 'alternatif', 'beban', 'rakyat', 'kurangi', 'bunga', 'utang']","['dhanil', 'mahasiswa', 'itb', 'serta', 'olimpiade', 'apbn', 'yg', 'selenggara', 'kemenkeu', 'kritik', 'menkeu', 'naik', 'harga', 'bbm', 'subsidi', 'bijak', 'perintah', 'yg', 'tdk', 'empat', 'dahnil', 'cerdas', 'alternatif', 'beban', 'rakyat', 'kurang', 'bunga', 'utang']",dhanil mahasiswa itb serta olimpiade apbn yg selenggara kemenkeu kritik menkeu naik harga bbm subsidi bijak perintah yg tdk empat dahnil cerdas alternatif beban rakyat kurang bunga utang
32,"Harga minyak terjun bebas..

Menagih janji Erick Thohir turunkan harga BBM.. retweet keras gaes!! https://t.co/SMXyas8SuD",-1,harga minyak terjun bebas menagih janji erick thohir turunkan harga bbm retweet keras gaes ,"['harga', 'minyak', 'terjun', 'bebas', 'menagih', 'janji', 'erick', 'thohir', 'turunkan', 'harga', 'bbm', 'retweet', 'keras', 'gaes']","['harga', 'minyak', 'terjun', 'bebas', 'menagih', 'janji', 'erick', 'thohir', 'turunkan', 'harga', 'bbm', 'retweet', 'keras', 'gaes']","['harga', 'minyak', 'terjun', 'bebas', 'tagih', 'janji', 'erick', 'thohir', 'turun', 'harga', 'bbm', 'retweet', 'keras', 'gaes']",harga minyak terjun bebas tagih janji erick thohir turun harga bbm retweet keras gaes
33,"Sudah berapa pekan rakyat demo menuntut harga BBM dan menyuarakan aspirasinya, justeru saya penasaran dengan sosok â€œ Saya Kangen Di demo.â€

Ada yang tau, Skrg dimanakah sosok yang pernah berkata itu ?",-1,sudah berapa pekan rakyat demo menuntut harga bbm dan menyuarakan aspirasinya justeru saya penasaran dengan sosok saya kangen di demo ada yang tau skrg dimanakah sosok yang pernah berkata itu ,"['sudah', 'berapa', 'pekan', 'rakyat', 'demo', 'menuntut', 'harga', 'bbm', 'dan', 'menyuarakan', 'aspirasinya', 'justeru', 'saya', 'penasaran', 'dengan', 'sosok', 'saya', 'kangen', 'di', 'demo', 'ada', 'yang', 'tau', 'skrg', 'dimanakah', 'sosok', 'yang', 'pernah', 'berkata', 'itu']","['pekan', 'rakyat', 'demo', 'menuntut', 'harga', 'bbm', 'menyuarakan', 'aspirasinya', 'justeru', 'penasaran', 'sosok', 'kangen', 'demo', 'tau', 'skrg', 'dimanakah', 'sosok']","['pekan', 'rakyat', 'demo', 'tuntut', 'harga', 'bbm', 'suara', 'aspirasi', 'justeru', 'penasaran', 'sosok', 'kangen', 'demo', 'tau', 'skrg', 'mana', 'sosok']",pekan rakyat demo tuntut harga bbm suara aspirasi justeru penasaran sosok kangen demo tau skrg mana sosok
34,Sekian lama setelah BBM naik baru kali ini aq naik angkot terus liat harga ongkosnya ya Allah mengerihkan ğŸ¤£ https://t.co/GdZGA5esQ7,-1,sekian lama setelah bbm naik baru kali ini aq naik angkot terus liat harga ongkosnya ya allah mengerihkan ,"['sekian', 'lama', 'setelah', 'bbm', 'naik', 'baru', 'kali', 'ini', 'aq', 'naik', 'angkot', 'terus', 'liat', 'harga', 'ongkosnya', 'ya', 'allah', 'mengerihkan']","['sekian', 'bbm', 'kali', 'aq', 'angkot', 'liat', 'harga', 'ongkosnya', 'ya', 'allah', 'mengerihkan']","['sekian', 'bbm', 'kali', 'aq', 'angkot', 'liat', 'harga', 'ongkos', 'ya', 'allah', 'kerih']",sekian bbm kali aq angkot liat harga ongkos ya allah kerih
35,"Harga Minyak Anjlok US$78 per Barel, Pertamax Ikutan Turun?

Kita lihat apkah Ahok cs menurunkan hrg BBM, krn alasan mrk mnaikkan hrg BBM krn mngikuti hrg minyak dunia.

Jk tdk diturunkan artinya pejabat BUMN cq pertamina melakukan pembohongan publik! ğŸ˜¤ğŸ˜¤ğŸ˜¤",-1,harga minyak anjlok us  per barel pertamax ikutan turun kita lihat apkah ahok cs menurunkan hrg bbm krn alasan mrk mnaikkan hrg bbm krn mngikuti hrg minyak dunia jk tdk diturunkan artinya pejabat bumn cq pertamina melakukan pembohongan publik ,"['harga', 'minyak', 'anjlok', 'us', 'per', 'barel', 'pertamax', 'ikutan', 'turun', 'kita', 'lihat', 'apkah', 'ahok', 'cs', 'menurunkan', 'hrg', 'bbm', 'krn', 'alasan', 'mrk', 'mnaikkan', 'hrg', 'bbm', 'krn', 'mngikuti', 'hrg', 'minyak', 'dunia', 'jk', 'tdk', 'diturunkan', 'artinya', 'pejabat', 'bumn', 'cq', 'pertamina', 'melakukan', 'pembohongan', 'publik']","['harga', 'minyak', 'anjlok', 'us', 'barel', 'pertamax', 'ikutan', 'turun', 'lihat', 'apkah', 'ahok', 'cs', 'menurunkan', 'hrg', 'bbm', 'krn', 'alasan', 'mrk', 'mnaikkan', 'hrg', 'bbm', 'krn', 'mngikuti', 'hrg', 'minyak', 'dunia', 'jk', 'tdk', 'diturunkan', 'pejabat', 'bumn', 'cq', 'pertamina', 'pembohongan', 'publik']","['harga', 'minyak', 'anjlok', 'us', 'barel', 'pertamax', 'ikut', 'turun', 'lihat', 'apkah', 'ahok', 'cs', 'turun', 'hrg', 'bbm', 'krn', 'alas', 'mrk', 'mnaikkan', 'hrg', 'bbm', 'krn', 'mngikuti', 'hrg', 'minyak', 'dunia', 'jk', 'tdk', 'turun', 'jabat', 'bumn', 'cq', 'pertamina', 'bohong', 'publik']",harga minyak anjlok us barel pertamax ikut turun lihat apkah ahok cs turun hrg bbm krn alas mrk mnaikkan hrg bbm krn mngikuti hrg minyak dunia jk tdk turun jabat bumn cq pertamina bohong publik
36,"Part 1 Podcast Kedai Pena dengan Begawan Ekonomi Rizal Ramli 
ttg kenaikan harga BBM: Enak aja situ kemana-mana dibayarin negara, tapi nyaris 240 juta rakyat ngandelin motor.
Ekonomi terperangkap Pinjol internasional, cicilan bunga utang 405T, pokok 400T.
https://t.co/PshG9V6ql9",-1,part  podcast kedai pena dengan begawan ekonomi rizal ramli ttg kenaikan harga bbm enak aja situ kemana mana dibayarin negara tapi nyaris  juta rakyat ngandelin motor ekonomi terperangkap pinjol internasional cicilan bunga utang t pokok t ,"['part', 'podcast', 'kedai', 'pena', 'dengan', 'begawan', 'ekonomi', 'rizal', 'ramli', 'ttg', 'kenaikan', 'harga', 'bbm', 'enak', 'aja', 'situ', 'kemana', 'mana', 'dibayarin', 'negara', 'tapi', 'nyaris', 'juta', 'rakyat', 'ngandelin', 'motor', 'ekonomi', 'terperangkap', 'pinjol', 'internasional', 'cicilan', 'bunga', 'utang', 't', 'pokok', 't']","['part', 'podcast', 'kedai', 'pena', 'begawan', 'ekonomi', 'rizal', 'ramli', 'ttg', 'kenaikan', 'harga', 'bbm', 'enak', 'aja', 'situ', 'kemana', 'dibayarin', 'negara', 'juta', 'rakyat', 'ngandelin', 'motor', 'ekonomi', 'terperangkap', 'pinjol', 'internasional', 'cicilan', 'bunga', 'utang', 't', 'pokok', 't']","['part', 'podcast', 'kedai', 'pena', 'begawan', 'ekonomi', 'rizal', 'ramli', 'ttg', 'naik', 'harga', 'bbm', 'enak', 'aja', 'situ', 'mana', 'dibayarin', 'negara', 'juta', 'rakyat', 'ngandelin', 'motor', 'ekonomi', 'perangkap', 'pinjol', 'internasional', 'cicil', 'bunga', 'utang', 't', 'pokok', 't']",part podcast kedai pena begawan ekonomi rizal ramli ttg naik harga bbm enak aja situ mana dibayarin negara juta rakyat ngandelin motor ekonomi perangkap pinjol internasional cicil bunga utang t pokok t
37,"Kementerian ESDM sudah menetapkan harga batas atas dan bawah yg tujuannya untuk memproteksi Pertamina dari persaingan usaha yg sehat sehingga SPBU-SPBU asing tidak diperbolehkan menjual BBM dgn harga yg lebih murah. 
Sistem ekonomi kita jauh lebih kejam dari negara kapitalis.",0,kementerian esdm sudah menetapkan harga batas atas dan bawah yg tujuannya untuk memproteksi pertamina dari persaingan usaha yg sehat sehingga spbu spbu asing tidak diperbolehkan menjual bbm dgn harga yg lebih murah sistem ekonomi kita jauh lebih kejam dari negara kapitalis ,"['kementerian', 'esdm', 'sudah', 'menetapkan', 'harga', 'batas', 'atas', 'dan', 'bawah', 'yg', 'tujuannya', 'untuk', 'memproteksi', 'pertamina', 'dari', 'persaingan', 'usaha', 'yg', 'sehat', 'sehingga', 'spbu', 'spbu', 'asing', 'tidak', 'diperbolehkan', 'menjual', 'bbm', 'dgn', 'harga', 'yg', 'lebih', 'murah', 'sistem', 'ekonomi', 'kita', 'jauh', 'lebih', 'kejam', 'dari', 'negara', 'kapitalis']","['kementerian', 'esdm', 'menetapkan', 'harga', 'batas', 'yg', 'tujuannya', 'memproteksi', 'pertamina', 'persaingan', 'usaha', 'yg', 'sehat', 'spbu', 'spbu', 'asing', 'diperbolehkan', 'menjual', 'bbm', 'dgn', 'harga', 'yg', 'murah', 'sistem', 'ekonomi', 'kejam', 'negara', 'kapitalis']","['menteri', 'esdm', 'tetap', 'harga', 'batas', 'yg', 'tuju', 'proteksi', 'pertamina', 'saing', 'usaha', 'yg', 'sehat', 'spbu', 'spbu', 'asing', 'boleh', 'jual', 'bbm', 'dgn', 'harga', 'yg', 'murah', 'sistem', 'ekonomi', 'kejam', 'negara', 'kapitalis']",menteri esdm tetap harga batas yg tuju proteksi pertamina saing usaha yg sehat spbu spbu asing boleh jual bbm dgn harga yg murah sistem ekonomi kejam negara kapitalis
38,"BBM Terus Anjlok.
.
Hari ini harga minyak dunia sudah anjlok di bawah $ 80 per barel.
.
Saatnya Jokowi TURUNKAN BBM bersubsidi.  Tak ada alasan BBM untuk naik.
@PKSejahtera @hnurwahid @FPKSDPRRI https://t.co/1VO5EsLzmD",-1,bbm terus anjlok hari ini harga minyak dunia sudah anjlok di bawah  per barel saatnya jokowi turunkan bbm bersubsidi tak ada alasan bbm untuk naik ,"['bbm', 'terus', 'anjlok', 'hari', 'ini', 'harga', 'minyak', 'dunia', 'sudah', 'anjlok', 'di', 'bawah', 'per', 'barel', 'saatnya', 'jokowi', 'turunkan', 'bbm', 'bersubsidi', 'tak', 'ada', 'alasan', 'bbm', 'untuk', 'naik']","['bbm', 'anjlok', 'harga', 'minyak', 'dunia', 'anjlok', 'barel', 'jokowi', 'turunkan', 'bbm', 'bersubsidi', 'alasan', 'bbm']","['bbm', 'anjlok', 'harga', 'minyak', 'dunia', 'anjlok', 'barel', 'jokowi', 'turun', 'bbm', 'subsidi', 'alas', 'bbm']",bbm anjlok harga minyak dunia anjlok barel jokowi turun bbm subsidi alas bbm
39,"Lha piye toh,, harga minyak mentah bakal turun lagi, kok mas @jokowi masih ngotot naikkin harga BBM ? Pembantu2 situ itu banyakan ABS, doyan beri data palsu &amp; manipulatif, masak trend ginian aja ndak bisa diperkirakan ketika naikkan harga BBM ?ğŸ‘",-1,lha piye toh harga minyak mentah bakal turun lagi kok mas masih ngotot naikkin harga bbm pembantu situ itu banyakan abs doyan beri data palsu manipulatif masak trend ginian aja ndak bisa diperkirakan ketika naikkan harga bbm ,"['lha', 'piye', 'toh', 'harga', 'minyak', 'mentah', 'bakal', 'turun', 'lagi', 'kok', 'mas', 'masih', 'ngotot', 'naikkin', 'harga', 'bbm', 'pembantu', 'situ', 'itu', 'banyakan', 'abs', 'doyan', 'beri', 'data', 'palsu', 'manipulatif', 'masak', 'trend', 'ginian', 'aja', 'ndak', 'bisa', 'diperkirakan', 'ketika', 'naikkan', 'harga', 'bbm']","['lha', 'piye', 'harga', 'minyak', 'mentah', 'turun', 'mas', 'ngotot', 'naikkin', 'harga', 'bbm', 'pembantu', 'situ', 'banyakan', 'abs', 'doyan', 'data', 'palsu', 'manipulatif', 'masak', 'trend', 'ginian', 'aja', 'ndak', 'naikkan', 'harga', 'bbm']","['lha', 'piye', 'harga', 'minyak', 'mentah', 'turun', 'mas', 'ngotot', 'naikkin', 'harga', 'bbm', 'bantu', 'situ', 'banyak', 'abs', 'doyan', 'data', 'palsu', 'manipulatif', 'masak', 'trend', 'ginian', 'aja', 'ndak', 'naik', 'harga', 'bbm']",lha piye harga minyak mentah turun mas ngotot naikkin harga bbm bantu situ banyak abs doyan data palsu manipulatif masak trend ginian aja ndak naik harga bbm
40,"Saudara2 sebungkus &amp; sekaretan ğŸ‘‰PA 212 &amp; FPI : 

Tolak kenaikan harga BBM hanyalah kedok, yg kalian mau adalah Jokowi yang turun. Simpan saja ide gila kalian, karena rakyat yg sesungguhnya masih cinta @jokowi bila perlu kami 3periodekan. Faham..!!! https://t.co/XoR7GlHl3Y",1,saudara sebungkus sekaretan pa  fpi tolak kenaikan harga bbm hanyalah kedok yg kalian mau adalah jokowi yang turun simpan saja ide gila kalian karena rakyat yg sesungguhnya masih cinta bila perlu kami periodekan faham ,"['saudara', 'sebungkus', 'sekaretan', 'pa', 'fpi', 'tolak', 'kenaikan', 'harga', 'bbm', 'hanyalah', 'kedok', 'yg', 'kalian', 'mau', 'adalah', 'jokowi', 'yang', 'turun', 'simpan', 'saja', 'ide', 'gila', 'kalian', 'karena', 'rakyat', 'yg', 'sesungguhnya', 'masih', 'cinta', 'bila', 'perlu', 'kami', 'periodekan', 'faham']","['saudara', 'sebungkus', 'sekaretan', 'pa', 'fpi', 'tolak', 'kenaikan', 'harga', 'bbm', 'kedok', 'yg', 'jokowi', 'turun', 'simpan', 'ide', 'gila', 'rakyat', 'yg', 'sesungguhnya', 'cinta', 'periodekan', 'faham']","['saudara', 'bungkus', 'karet', 'pa', 'fpi', 'tolak', 'naik', 'harga', 'bbm', 'kedok', 'yg', 'jokowi', 'turun', 'simpan', 'ide', 'gila', 'rakyat', 'yg', 'sungguh', 'cinta', 'periode', 'faham']",saudara bungkus karet pa fpi tolak naik harga bbm kedok yg jokowi turun simpan ide gila rakyat yg sungguh cinta periode faham
41,"Hari ini, Jum'at (23/9/2022) ribuan umat Islam memadati area Patung Kuda, Jakarta Pusat lokasi Aksi Bela Rakyat (Akbar) Gerakan Nasional Pengawal Rakyat (GNPR) Jilid II untuk menolak kenaikan harga BBM yang telah menimbulkan efek domino kenaikan harga kebutuhan pokok. https://t.co/xXUWEg0nuD",-1,hari ini jum at    ribuan umat islam memadati area patung kuda jakarta pusat lokasi aksi bela rakyat akbar gerakan nasional pengawal rakyat gnpr jilid ii untuk menolak kenaikan harga bbm yang telah menimbulkan efek domino kenaikan harga kebutuhan pokok ,"['hari', 'ini', 'jum', 'at', 'ribuan', 'umat', 'islam', 'memadati', 'area', 'patung', 'kuda', 'jakarta', 'pusat', 'lokasi', 'aksi', 'bela', 'rakyat', 'akbar', 'gerakan', 'nasional', 'pengawal', 'rakyat', 'gnpr', 'jilid', 'ii', 'untuk', 'menolak', 'kenaikan', 'harga', 'bbm', 'yang', 'telah', 'menimbulkan', 'efek', 'domino', 'kenaikan', 'harga', 'kebutuhan', 'pokok']","['jum', 'at', 'ribuan', 'umat', 'islam', 'memadati', 'area', 'patung', 'kuda', 'jakarta', 'pusat', 'lokasi', 'aksi', 'bela', 'rakyat', 'akbar', 'gerakan', 'nasional', 'pengawal', 'rakyat', 'gnpr', 'jilid', 'ii', 'menolak', 'kenaikan', 'harga', 'bbm', 'menimbulkan', 'efek', 'domino', 'kenaikan', 'harga', 'kebutuhan', 'pokok']","['jum', 'at', 'ribu', 'umat', 'islam', 'padat', 'area', 'patung', 'kuda', 'jakarta', 'pusat', 'lokasi', 'aksi', 'bela', 'rakyat', 'akbar', 'gera', 'nasional', 'awal', 'rakyat', 'gnpr', 'jilid', 'ii', 'tolak', 'naik', 'harga', 'bbm', 'timbul', 'efek', 'domino', 'naik', 'harga', 'butuh', 'pokok']",jum at ribu umat islam padat area patung kuda jakarta pusat lokasi aksi bela rakyat akbar gera nasional awal rakyat gnpr jilid ii tolak naik harga bbm timbul efek domino naik harga butuh pokok
42,"""Mungkin saja (turun), kan gini hari ini kan harga minyak mentah di US$ 95'an per barel. Kalo jadi US$ 75 atau US$ 65 per barel ya pasti harga Pertamax turun,"" ujar @erickthohir

Blom ada sejarahnya BBM yg udah naek bisa turun, klo beneran Pak Erick bakal pecah rekor..ğŸ‘ https://t.co/8SsyKHRj1J",0, mungkin saja turun kan gini hari ini kan harga minyak mentah di us  an per barel kalo jadi us  atau us  per barel ya pasti harga pertamax turun ujar blom ada sejarahnya bbm yg udah naek bisa turun klo beneran pak erick bakal pecah rekor ,"['mungkin', 'saja', 'turun', 'kan', 'gini', 'hari', 'ini', 'kan', 'harga', 'minyak', 'mentah', 'di', 'us', 'an', 'per', 'barel', 'kalo', 'jadi', 'us', 'atau', 'us', 'per', 'barel', 'ya', 'pasti', 'harga', 'pertamax', 'turun', 'ujar', 'blom', 'ada', 'sejarahnya', 'bbm', 'yg', 'udah', 'naek', 'bisa', 'turun', 'klo', 'beneran', 'pak', 'erick', 'bakal', 'pecah', 'rekor']","['turun', 'gini', 'harga', 'minyak', 'mentah', 'us', 'an', 'barel', 'kalo', 'us', 'us', 'barel', 'ya', 'harga', 'pertamax', 'turun', 'blom', 'sejarahnya', 'bbm', 'yg', 'udah', 'naek', 'turun', 'klo', 'beneran', 'erick', 'pecah', 'rekor']","['turun', 'gin', 'harga', 'minyak', 'mentah', 'us', 'an', 'barel', 'kalo', 'us', 'us', 'barel', 'ya', 'harga', 'pertamax', 'turun', 'blom', 'sejarah', 'bbm', 'yg', 'udah', 'naek', 'turun', 'klo', 'beneran', 'erick', 'pecah', 'rekor']",turun gin harga minyak mentah us an barel kalo us us barel ya harga pertamax turun blom sejarah bbm yg udah naek turun klo beneran erick pecah rekor
43,"Ketika Cebong bilang kenaikan BBM dilakukan karena orang kaya menikmati subsidi, kita mah santai2 aja karena ingat pepatah Fadjroel; ""Orang bodoh sekalipun tau kenaikan BBM akan memicu kenaikan harga"" https://t.co/K3dNOVTdYd",-1,ketika cebong bilang kenaikan bbm dilakukan karena orang kaya menikmati subsidi kita mah santai aja karena ingat pepatah fadjroel orang bodoh sekalipun tau kenaikan bbm akan memicu kenaikan harga ,"['ketika', 'cebong', 'bilang', 'kenaikan', 'bbm', 'dilakukan', 'karena', 'orang', 'kaya', 'menikmati', 'subsidi', 'kita', 'mah', 'santai', 'aja', 'karena', 'ingat', 'pepatah', 'fadjroel', 'orang', 'bodoh', 'sekalipun', 'tau', 'kenaikan', 'bbm', 'akan', 'memicu', 'kenaikan', 'harga']","['cebong', 'bilang', 'kenaikan', 'bbm', 'orang', 'kaya', 'menikmati', 'subsidi', 'mah', 'santai', 'aja', 'pepatah', 'fadjroel', 'orang', 'bodoh', 'tau', 'kenaikan', 'bbm', 'memicu', 'kenaikan', 'harga']","['cebong', 'bilang', 'naik', 'bbm', 'orang', 'kaya', 'nikmat', 'subsidi', 'mah', 'santai', 'aja', 'pepatah', 'fadjroel', 'orang', 'bodoh', 'tau', 'naik', 'bbm', 'picu', 'naik', 'harga']",cebong bilang naik bbm orang kaya nikmat subsidi mah santai aja pepatah fadjroel orang bodoh tau naik bbm picu naik harga
44,"Mengarah ke patung kuda
Aksi tolak kenaikan harga BBM

23092022 Jumat https://t.co/yPkwUT97gA",-1,mengarah ke patung kuda aksi tolak kenaikan harga bbm  jumat ,"['mengarah', 'ke', 'patung', 'kuda', 'aksi', 'tolak', 'kenaikan', 'harga', 'bbm', 'jumat']","['mengarah', 'patung', 'kuda', 'aksi', 'tolak', 'kenaikan', 'harga', 'bbm', 'jumat']","['arah', 'patung', 'kuda', 'aksi', 'tolak', 'naik', 'harga', 'bbm', 'jumat']",arah patung kuda aksi tolak naik harga bbm jumat
